createdBy,assignedTo,createdAt,importanceLevel,closedAt,isResolved,subject,requestDetail
Faustino_Gottlieb8,Ilene.Blick73,Sun Feb 09 2020 22:53:21 GMT-0800 (Pacific Standard Time),0,Thu Mar 11 2021 10:51:48 GMT-0800 (Pacific Standard Time),false,similique et sunt,Fuga consequatur eos voluptas sint dolorem labore repudiandae rerum consectetur. Debitis consectetur dicta cumque quo dolore. Commodi numquam explicabo ea sapiente aut natus voluptatem non voluptatem. Id aut ut enim impedit esse. Exercitationem aliquam labore quia eos quasi.
Karlie75,Ilene.Blick73,Fri Nov 06 2020 12:18:28 GMT-0800 (Pacific Standard Time),2,Fri Jan 28 2022 21:55:41 GMT-0800 (Pacific Standard Time),false,inventore qui quis,Fuga vel aut. Itaque voluptatum voluptatem. Saepe magnam nisi consequuntur tenetur voluptatem est hic. Odio ipsum aut et voluptatem quae est sint aliquam soluta. Architecto corrupti voluptatem et ipsam qui voluptatum alias non explicabo.
Sonny53,Faustino_Gottlieb8,Tue Dec 01 2020 17:35:09 GMT-0800 (Pacific Standard Time),3,Sat Jan 08 2022 20:45:33 GMT-0800 (Pacific Standard Time),false,enim quia voluptas,Quia enim ab tenetur. Sed explicabo placeat dolorem similique suscipit iure numquam id. Recusandae et autem qui sapiente. Est saepe ut ut totam assumenda quibusdam quia eligendi. Omnis recusandae velit quos tempora sit quibusdam et minus. Recusandae vero ipsum natus sit eos excepturi accusantium expedita.
Ilene.Blick73,Meta_Moen,Wed Dec 02 2020 10:58:05 GMT-0800 (Pacific Standard Time),0,Wed Mar 24 2021 10:44:02 GMT-0700 (Pacific Daylight Time),false,dolores aut neque,Consequuntur odit quo. Doloribus sapiente provident voluptatem aliquid expedita. Placeat sapiente fugit odit consequatur quos impedit hic et quia. Ratione laudantium labore aut quibusdam.
Tiara.Nicolas44,Tiara.Nicolas44,Sat Jan 23 2021 10:12:54 GMT-0800 (Pacific Standard Time),4,Tue Mar 02 2021 06:00:18 GMT-0800 (Pacific Standard Time),true,vitae assumenda impedit,Aut aut laboriosam voluptatem consequatur laudantium voluptatum ea. Odit cum et qui maiores totam laboriosam eaque. Qui totam ut fugit aut incidunt.
Thalia89,Helene.Crist,Wed Jun 03 2020 21:14:56 GMT-0700 (Pacific Daylight Time),3,Sat Jan 29 2022 17:56:43 GMT-0800 (Pacific Standard Time),true,voluptas occaecati explicabo,Esse qui in accusantium maiores quis quaerat aliquam qui. Quia sit sint suscipit perferendis. Voluptas debitis perferendis alias sed.
Westley.Zulauf26,Janessa17,Thu Mar 19 2020 18:26:15 GMT-0700 (Pacific Daylight Time),1,Thu Sep 23 2021 23:34:08 GMT-0700 (Pacific Daylight Time),true,amet voluptas perspiciatis,Eius quidem earum rerum nemo et sint ab repellat. Dolores quisquam nesciunt esse odio fugiat et. Occaecati adipisci nisi hic atque deserunt a odit ipsam voluptas. Sed quaerat ducimus libero nisi.
Tiara.Nicolas44,Ilene.Blick73,Mon Jul 13 2020 04:40:25 GMT-0700 (Pacific Daylight Time),4,Wed Oct 13 2021 08:08:35 GMT-0700 (Pacific Daylight Time),false,est aut beatae,Qui est dolor sequi corporis. Tempora quis vitae eveniet aperiam sit ut reprehenderit pariatur debitis. Rerum ut minima. Ea sint est quasi nesciunt nisi. Quis itaque voluptatem a. Odit provident dicta nisi voluptatem eum tenetur.
Meta_Moen,Ilene.Blick73,Sat Jun 13 2020 14:48:56 GMT-0700 (Pacific Daylight Time),1,Sun Apr 18 2021 07:57:15 GMT-0700 (Pacific Daylight Time),true,et est saepe,Id voluptas et asperiores nisi possimus. Quae quo ut nihil qui aut sunt nobis. Nesciunt soluta in aliquam omnis. Aut aut veritatis qui reprehenderit voluptas quis velit non consequatur. Tempora dolorem non nemo et.
Janessa17,Karlie75,Thu Sep 03 2020 18:42:59 GMT-0700 (Pacific Daylight Time),3,Wed Jun 23 2021 09:37:42 GMT-0700 (Pacific Daylight Time),false,possimus animi natus,Debitis autem molestiae. Rem numquam ipsam dolor sint. Voluptatem saepe dicta laborum et minus quaerat. Id laborum rerum rerum deleniti tempore occaecati. Qui quisquam excepturi itaque consectetur placeat placeat. Iusto et accusantium.
Syble76,Hazle.Hahn18,Sun Sep 20 2020 23:23:50 GMT-0700 (Pacific Daylight Time),4,Tue Jan 18 2022 12:33:06 GMT-0800 (Pacific Standard Time),false,aut sint est,Aspernatur esse ad est dicta incidunt suscipit labore laborum. Libero itaque enim ducimus aut sit neque voluptatem. Deleniti eaque placeat. Eius eligendi porro ut exercitationem ut ab deserunt quia consequatur. Aut magnam consectetur cupiditate enim necessitatibus eos quibusdam perferendis ipsam. Iusto et adipisci et neque et id.
Karlie75,Westley.Zulauf26,Thu Sep 17 2020 07:02:14 GMT-0700 (Pacific Daylight Time),4,Wed Aug 18 2021 19:53:56 GMT-0700 (Pacific Daylight Time),false,est at et,Occaecati et repellendus et est harum velit dolore beatae. Ad culpa est reiciendis et vel voluptas. Illum quae labore sint. Et laudantium aspernatur velit.
Faustino_Gottlieb8,Ilene.Blick73,Mon Sep 21 2020 08:34:43 GMT-0700 (Pacific Daylight Time),1,Sat Sep 18 2021 10:54:46 GMT-0700 (Pacific Daylight Time),false,mollitia laudantium et,Accusantium reiciendis architecto eum quo quia. Saepe doloremque eos. Corrupti quo et voluptas iusto. Sit pariatur id iusto sit. Aperiam ut atque magnam. Quasi qui deleniti dicta ex nobis suscipit modi in.
Emmett.Macejkovic15,Janessa17,Thu Jul 09 2020 17:30:00 GMT-0700 (Pacific Daylight Time),0,Fri Oct 22 2021 05:39:57 GMT-0700 (Pacific Daylight Time),true,dolores beatae quae,Voluptatem veritatis sequi et consequuntur occaecati sed exercitationem similique asperiores. Saepe quos alias illum quasi quidem ut et. Aut nihil qui rerum voluptas cum.
Janessa17,Ilene.Blick73,Fri May 29 2020 04:58:27 GMT-0700 (Pacific Daylight Time),3,Fri Jul 30 2021 07:58:50 GMT-0700 (Pacific Daylight Time),false,consequatur vero est,In deserunt dolor dolores aut iste fugit necessitatibus. Sapiente dolor quibusdam quia voluptas tempora velit asperiores molestiae. Quo distinctio odit quia sed sed officiis fugiat. Eligendi rerum ad labore dolorem eum. Aut quia nam et et laboriosam provident id.
Hazle.Hahn18,Westley.Zulauf26,Sat Mar 07 2020 20:36:39 GMT-0800 (Pacific Standard Time),4,Fri Apr 09 2021 20:14:00 GMT-0700 (Pacific Daylight Time),false,libero qui fugit,Facilis aut quis est earum. Eius voluptatum et debitis. Itaque sequi voluptatibus dolor consequatur. Consectetur aut porro nisi consequuntur qui alias asperiores temporibus.
Thalia89,Meta_Moen,Sun Nov 22 2020 10:14:58 GMT-0800 (Pacific Standard Time),0,Thu Dec 16 2021 13:45:01 GMT-0800 (Pacific Standard Time),true,ipsa est rerum,Pariatur tempora provident aut. Assumenda accusantium dignissimos itaque expedita. Quo dolore adipisci pariatur temporibus.
Meta_Moen,Jerome_OHara,Thu Sep 10 2020 06:25:15 GMT-0700 (Pacific Daylight Time),3,Tue Sep 28 2021 05:26:54 GMT-0700 (Pacific Daylight Time),true,eum ea magnam,Architecto nulla sit facilis qui. Eos enim et vel velit et vel repellendus. Beatae eius animi repudiandae aut. Dignissimos necessitatibus enim ut minima aspernatur in. Est architecto quod quaerat et consequatur corporis eveniet voluptate aut. Et dolorem aut distinctio.
Emmett.Macejkovic15,Karlie75,Thu Feb 04 2021 10:46:00 GMT-0800 (Pacific Standard Time),3,Tue Jun 29 2021 02:51:28 GMT-0700 (Pacific Daylight Time),true,assumenda culpa dolor,Vero et tempora qui et omnis fugiat deserunt. Labore qui deleniti natus animi neque asperiores impedit nesciunt porro. Exercitationem vitae explicabo iure.
Syble76,Syble76,Fri May 08 2020 12:02:47 GMT-0700 (Pacific Daylight Time),1,Wed May 26 2021 12:19:22 GMT-0700 (Pacific Daylight Time),false,quo quo nesciunt,Ea voluptas non ad eos repellendus fugit. Commodi expedita vitae eveniet et. Qui eveniet labore accusamus omnis atque vero officia aut.
Thalia89,Thalia89,Tue May 19 2020 05:38:09 GMT-0700 (Pacific Daylight Time),0,Fri Oct 08 2021 20:34:37 GMT-0700 (Pacific Daylight Time),false,at voluptatem aut,Aut excepturi est quam beatae tenetur qui nisi. Tempore maiores rem. Et impedit molestiae asperiores aut id soluta velit. Maiores reiciendis fugiat aut assumenda. Explicabo perspiciatis aut nihil maxime velit.
Syble76,Sonny53,Fri Nov 20 2020 23:18:49 GMT-0800 (Pacific Standard Time),0,Sat Feb 05 2022 12:44:13 GMT-0800 (Pacific Standard Time),true,facilis et alias,Tempore sunt in quas suscipit. Minima modi natus. Incidunt et voluptas. Maiores neque illo quis. Amet dolorem animi odit.
Carole_Jones,Hazle.Hahn18,Fri Sep 04 2020 16:26:45 GMT-0700 (Pacific Daylight Time),3,Tue Feb 23 2021 18:26:58 GMT-0800 (Pacific Standard Time),false,aut magnam perspiciatis,Ad eligendi qui. Id corrupti ad quae eligendi rerum incidunt consequatur. Placeat rerum ut aut nemo deleniti nobis sed. Repellat eos et ab repudiandae architecto fugit.
Carole_Jones,Emmett.Macejkovic15,Thu Jul 16 2020 22:09:01 GMT-0700 (Pacific Daylight Time),0,Thu Dec 02 2021 22:44:56 GMT-0800 (Pacific Standard Time),false,dolor optio quia,Repudiandae asperiores esse nulla nostrum eligendi ipsum deleniti. Aliquid animi aut sed et aut. Totam omnis est explicabo repellendus vitae odio.
Tiara.Nicolas44,Hazle.Hahn18,Sun Jun 21 2020 20:40:23 GMT-0700 (Pacific Daylight Time),2,Tue Jun 15 2021 09:41:33 GMT-0700 (Pacific Daylight Time),false,dignissimos ea rerum,Et sed reprehenderit ratione nam voluptatem molestiae delectus earum nulla. Sed quae et possimus aut. Error maxime id repellat corrupti et nam. Veniam accusamus quidem aut eligendi ut et voluptas nulla atque. Nostrum repellat eius ea ducimus id eveniet.
Hazle.Hahn18,Meta_Moen,Tue Mar 03 2020 15:54:47 GMT-0800 (Pacific Standard Time),1,Wed Aug 25 2021 01:43:28 GMT-0700 (Pacific Daylight Time),false,qui itaque magni,Suscipit aut voluptatem aut illo nihil corporis aut dolor libero. Omnis quibusdam harum ducimus voluptate maxime quod. Voluptatibus eos consequatur voluptate illo dolor dolore. Facilis similique aut velit delectus labore sequi ducimus dolorum. Et consequatur voluptatem consectetur recusandae rerum. Quam fugit saepe rem corporis.
Faustino_Gottlieb8,Sonny53,Thu Dec 31 2020 01:36:33 GMT-0800 (Pacific Standard Time),3,Tue Aug 10 2021 04:41:47 GMT-0700 (Pacific Daylight Time),true,illum id qui,Voluptates provident voluptas voluptas quis ipsa ut dolores ut debitis. Illo dignissimos sed. Officiis repellat corrupti eaque. Aspernatur pariatur vel alias nostrum et libero.
Hazle.Hahn18,Emmett.Macejkovic15,Fri Jul 31 2020 17:50:09 GMT-0700 (Pacific Daylight Time),3,Mon Dec 06 2021 17:13:44 GMT-0800 (Pacific Standard Time),false,repudiandae ut numquam,Dolorum aperiam eveniet dolores sed quia velit praesentium eum. Ut nihil atque aut tempore assumenda. Occaecati numquam debitis optio eaque nesciunt.
Westley.Zulauf26,Emmett.Macejkovic15,Tue Dec 22 2020 17:11:14 GMT-0800 (Pacific Standard Time),2,Fri Apr 02 2021 18:32:41 GMT-0700 (Pacific Daylight Time),false,molestias id quas,Voluptatum rerum recusandae. Illum hic dignissimos. Qui nobis blanditiis. Enim totam ea omnis quas nam corporis est.
Sonny53,Carole_Jones,Fri Jan 08 2021 14:25:12 GMT-0800 (Pacific Standard Time),1,Sat Dec 04 2021 22:44:06 GMT-0800 (Pacific Standard Time),true,neque ut et,Nobis reprehenderit libero nihil. Magnam ut qui quae accusamus. Dicta est qui rerum exercitationem dolores dolorem occaecati.
Tiara.Nicolas44,Tiara.Nicolas44,Fri Oct 09 2020 20:19:07 GMT-0700 (Pacific Daylight Time),0,Sat Jan 01 2022 19:27:39 GMT-0800 (Pacific Standard Time),false,atque omnis explicabo,Est hic vel quis aut sed omnis. Dolor quaerat ratione aut ipsam dolores eum enim ut veritatis. Est laudantium iure eos distinctio. Est non molestiae voluptatibus cumque dolor ea.
Tiara.Nicolas44,Karlie75,Tue Aug 25 2020 06:29:11 GMT-0700 (Pacific Daylight Time),0,Sun Apr 11 2021 11:00:35 GMT-0700 (Pacific Daylight Time),true,occaecati sit similique,Officia praesentium voluptatem culpa. Et et dignissimos ipsa officia dicta quaerat similique. Voluptas quis debitis fugit mollitia laudantium quia laboriosam repudiandae. Non est quis distinctio qui nesciunt repellendus ut expedita ut.
Helene.Crist,Faustino_Gottlieb8,Mon Sep 28 2020 13:54:47 GMT-0700 (Pacific Daylight Time),2,Sun Jun 06 2021 13:18:44 GMT-0700 (Pacific Daylight Time),false,amet qui ea,Voluptas sed cupiditate totam quia maiores voluptatem consequuntur modi. Mollitia aliquid corrupti maiores. Ipsa atque officia nobis nesciunt voluptates. Reiciendis facilis eos.
Carole_Jones,Thalia89,Sun Apr 19 2020 20:46:17 GMT-0700 (Pacific Daylight Time),4,Mon Sep 20 2021 21:53:06 GMT-0700 (Pacific Daylight Time),false,excepturi quisquam ut,Quia atque doloribus adipisci odit maxime laborum quam. Sunt est natus. Aut maiores quae sit hic tenetur id ab. Maxime nulla sint quis quidem.
Jerome_OHara,Karlie75,Tue Jul 28 2020 10:36:34 GMT-0700 (Pacific Daylight Time),0,Sat Dec 11 2021 13:30:40 GMT-0800 (Pacific Standard Time),false,eum non explicabo,Et fuga similique. Quos qui voluptatibus minus ex doloribus. Perferendis odio amet aut deleniti amet odio delectus. Incidunt eum dolorum. Tempora qui impedit ex molestias rem.
Helene.Crist,Jerome_OHara,Tue Oct 20 2020 19:38:04 GMT-0700 (Pacific Daylight Time),0,Thu Oct 28 2021 02:38:11 GMT-0700 (Pacific Daylight Time),false,voluptas temporibus nihil,Hic debitis eos eaque corporis ipsa distinctio. Quibusdam aliquid sit quia. Nesciunt placeat sed assumenda omnis eos optio quod. Ut et delectus totam omnis numquam eum soluta. Illum quisquam nihil quibusdam sed ea quia sunt repellat molestiae. Harum non beatae quidem eum non.
Sonny53,Ilene.Blick73,Sun Mar 08 2020 05:41:23 GMT-0700 (Pacific Daylight Time),0,Fri Jan 14 2022 18:25:30 GMT-0800 (Pacific Standard Time),true,dolorem molestiae eum,Illo fugit beatae illo repellat laboriosam corporis tenetur laborum exercitationem. Aut ipsum commodi assumenda. Ipsam voluptatem est beatae nihil perferendis est similique. Repudiandae expedita et dolores voluptas optio. Et qui tenetur impedit dolores quidem magnam nam. Aut ullam repudiandae.
Carole_Jones,Helene.Crist,Sun Oct 11 2020 00:13:50 GMT-0700 (Pacific Daylight Time),3,Wed Mar 24 2021 20:52:16 GMT-0700 (Pacific Daylight Time),true,dolores numquam dolorum,Rem culpa quod. Ut reiciendis enim aspernatur ea distinctio fuga ea. Et dolore vitae reiciendis qui.
Helene.Crist,Jerome_OHara,Fri May 01 2020 00:14:51 GMT-0700 (Pacific Daylight Time),0,Tue Nov 30 2021 01:08:41 GMT-0800 (Pacific Standard Time),false,asperiores dolorem ad,Officiis aliquid vel dolore tempora. Nihil accusantium exercitationem totam voluptas rerum maxime blanditiis. Quasi necessitatibus fugit ipsam velit ex nihil. Dicta nostrum explicabo ut quisquam asperiores nemo. Dolores omnis nam pariatur. Magnam facilis consequatur.
Westley.Zulauf26,Ilene.Blick73,Mon Jan 18 2021 10:46:40 GMT-0800 (Pacific Standard Time),1,Thu Apr 01 2021 14:12:41 GMT-0700 (Pacific Daylight Time),false,possimus laudantium et,Consectetur ad qui eius dolores adipisci. Quae quae accusantium. Excepturi dolor cumque voluptas explicabo. Repudiandae aut atque consequatur sunt et distinctio.
Ilene.Blick73,Tiara.Nicolas44,Mon Jun 22 2020 02:38:18 GMT-0700 (Pacific Daylight Time),4,Tue May 25 2021 14:30:55 GMT-0700 (Pacific Daylight Time),true,occaecati pariatur impedit,Vel repudiandae quidem est blanditiis quod qui quae iure. Dolor eum illo veniam voluptatum soluta modi unde. Reiciendis sed voluptas dolor omnis at. Veniam temporibus velit quibusdam fugiat occaecati itaque quod quia. Quia dolorem dolore.
Ilene.Blick73,Emmett.Macejkovic15,Thu Sep 10 2020 01:30:45 GMT-0700 (Pacific Daylight Time),4,Mon Dec 06 2021 05:29:26 GMT-0800 (Pacific Standard Time),true,suscipit ea vero,Nihil quae accusantium et sequi nostrum nihil quia asperiores atque. Cumque magni sunt eos quis ipsa enim numquam. Alias velit eum dicta repudiandae. Laborum vitae veritatis id fuga. Ut neque perspiciatis autem.
Thalia89,Emmett.Macejkovic15,Mon Oct 12 2020 22:49:39 GMT-0700 (Pacific Daylight Time),2,Wed Sep 15 2021 10:28:10 GMT-0700 (Pacific Daylight Time),true,est quibusdam facilis,Molestiae vel modi corporis officiis aliquid expedita est ut pariatur. Et beatae aut nam cum voluptatum est ut deleniti consequatur. Alias ipsam et molestiae aut. Suscipit eligendi deleniti rem ut sunt et similique assumenda neque. Eligendi provident fugiat quo maiores omnis fugiat maxime. Odio non culpa.
Karlie75,Carole_Jones,Thu Oct 08 2020 22:21:19 GMT-0700 (Pacific Daylight Time),3,Mon Jan 31 2022 11:24:49 GMT-0800 (Pacific Standard Time),true,aut velit odio,Animi repellat distinctio tempore deleniti quo molestiae et. Vel rerum quia facere ducimus perferendis. Aspernatur et sint distinctio. Nobis nam id veniam nam voluptatum voluptas quisquam id voluptatem. Eveniet dolorem laboriosam ut tempora. Ut molestias illum consequatur tempore est dignissimos et.
Westley.Zulauf26,Carole_Jones,Sat May 30 2020 07:38:12 GMT-0700 (Pacific Daylight Time),4,Sat Apr 24 2021 20:26:19 GMT-0700 (Pacific Daylight Time),false,nostrum dicta ratione,Iste voluptatibus ut consequuntur at aut eaque. Nihil eligendi omnis qui ex dolores consequatur laborum delectus ex. Architecto quidem ullam. Dolorem corporis explicabo molestias aspernatur. Enim quas quasi ipsa. Delectus accusantium iure.
Sonny53,Meta_Moen,Sun May 10 2020 23:21:43 GMT-0700 (Pacific Daylight Time),0,Tue Aug 17 2021 10:36:26 GMT-0700 (Pacific Daylight Time),false,omnis laboriosam ut,Quibusdam quisquam dolorem a. Culpa a pariatur quo fugit ad sit. Eaque animi tempora laborum tenetur in eveniet reiciendis tempora laborum. Quo impedit fugit animi perspiciatis. In sunt omnis illo accusantium rem at autem autem modi.
Thalia89,Ilene.Blick73,Fri Sep 04 2020 22:18:28 GMT-0700 (Pacific Daylight Time),1,Wed Nov 17 2021 06:59:37 GMT-0800 (Pacific Standard Time),true,numquam expedita natus,Aperiam sit animi. Iure dolores inventore est quisquam omnis labore quas amet. Sunt distinctio et illum voluptates fugiat optio est ut. Magni necessitatibus repudiandae officiis ab veniam aut quia. Aut sed ipsa.
Hazle.Hahn18,Emmett.Macejkovic15,Fri Mar 06 2020 04:48:50 GMT-0800 (Pacific Standard Time),2,Fri Sep 10 2021 12:05:02 GMT-0700 (Pacific Daylight Time),true,eveniet amet voluptatem,Facere ab placeat aspernatur cum consequuntur in pariatur rerum. Autem dignissimos autem eius repellendus. Eos maiores cupiditate itaque ex accusamus quidem omnis saepe. Inventore et suscipit nam.
Karlie75,Helene.Crist,Thu Mar 26 2020 21:37:21 GMT-0700 (Pacific Daylight Time),0,Thu Oct 28 2021 08:08:25 GMT-0700 (Pacific Daylight Time),true,magni recusandae placeat,Est a dolore nesciunt delectus ullam voluptatem commodi ea sed. Sed dolorem molestiae cumque reiciendis alias nam consequatur. Quidem rem voluptatem. Molestiae maxime labore ducimus voluptatum totam sunt.
Sonny53,Thalia89,Mon Jul 27 2020 15:28:08 GMT-0700 (Pacific Daylight Time),4,Fri Dec 31 2021 14:55:41 GMT-0800 (Pacific Standard Time),false,facilis ut consequatur,Ut ad voluptatum. Et eaque deserunt voluptatibus quod rerum quia aut. Pariatur maxime ullam. Qui hic voluptate minima fugiat nulla occaecati rem. Omnis est repellendus est earum rerum. A numquam dolorum quia rem et aut qui numquam.
Tiara.Nicolas44,Thalia89,Thu Mar 19 2020 22:34:37 GMT-0700 (Pacific Daylight Time),0,Fri Apr 02 2021 21:14:04 GMT-0700 (Pacific Daylight Time),true,et atque numquam,Doloremque eos quis. Dignissimos eligendi consequatur. Quis error explicabo magni sit tempora eum molestias veritatis et. Nisi corrupti dolorum fugit non incidunt repellat exercitationem voluptates.
Thalia89,Emmett.Macejkovic15,Sun Jun 14 2020 01:21:10 GMT-0700 (Pacific Daylight Time),1,Thu Nov 18 2021 03:21:16 GMT-0800 (Pacific Standard Time),false,vel natus mollitia,Non et voluptatum reiciendis omnis laborum placeat et totam quis. Ipsum atque saepe sequi aut aut quae modi nihil. Ducimus et minus nobis aut recusandae commodi officia ratione. Ad dolorum aut quaerat qui voluptatem. Fuga vero blanditiis laborum accusamus illo maiores ut. Placeat voluptates quibusdam.
Tiara.Nicolas44,Westley.Zulauf26,Tue Mar 24 2020 19:27:43 GMT-0700 (Pacific Daylight Time),2,Sat Feb 20 2021 18:13:44 GMT-0800 (Pacific Standard Time),true,architecto nisi qui,Quasi molestiae ut. Officiis voluptas dolore eos voluptas voluptatem aliquam ratione non et. Enim dolorum possimus totam molestiae tempore reiciendis esse reprehenderit.
Jerome_OHara,Meta_Moen,Mon Jul 13 2020 15:43:22 GMT-0700 (Pacific Daylight Time),1,Mon Nov 22 2021 14:13:56 GMT-0800 (Pacific Standard Time),true,voluptas totam illum,Quo accusamus et rem laborum commodi aut et veritatis. Qui et odit sed maxime. Iste neque facilis sit. Suscipit consequuntur nulla consequatur ut aspernatur dignissimos eum voluptatem. Laudantium in ut saepe.
Emmett.Macejkovic15,Emmett.Macejkovic15,Wed Feb 12 2020 18:12:45 GMT-0800 (Pacific Standard Time),4,Sat Mar 13 2021 20:08:30 GMT-0800 (Pacific Standard Time),false,eaque ea non,Culpa voluptatibus nesciunt. Ut omnis voluptate sunt natus aut dolorem. Officia inventore quis nisi.
Ilene.Blick73,Meta_Moen,Fri Dec 18 2020 19:28:39 GMT-0800 (Pacific Standard Time),3,Mon Aug 09 2021 09:42:39 GMT-0700 (Pacific Daylight Time),false,ducimus nihil et,Aut aperiam ea quam. Enim omnis eum aut iste quibusdam consequatur. Sit mollitia enim aperiam qui voluptatem doloremque non. Voluptatem maxime vel. Et placeat et dolores. Dolore molestiae a eos minima modi assumenda.
Tiara.Nicolas44,Karlie75,Wed Nov 04 2020 02:01:26 GMT-0800 (Pacific Standard Time),0,Sat Apr 10 2021 17:29:31 GMT-0700 (Pacific Daylight Time),false,voluptas quia sapiente,Omnis ut et in temporibus veniam. Odit doloribus velit. Odio et rem nihil repudiandae quia qui illo. Sit ea amet ipsam nulla molestiae. Sint et qui nihil quia eius ea assumenda adipisci. Nam maxime provident omnis unde.
Sonny53,Meta_Moen,Fri May 08 2020 13:28:28 GMT-0700 (Pacific Daylight Time),1,Mon May 03 2021 11:32:36 GMT-0700 (Pacific Daylight Time),false,ut et et,Temporibus maxime id odio amet ipsam. Nihil magni eius ipsum minus ut. Quos at praesentium sint ea. Animi at assumenda qui corrupti quibusdam ducimus. Velit molestiae error. Nemo distinctio ea vel molestiae dolorem velit et velit recusandae.
Ilene.Blick73,Meta_Moen,Wed Jul 01 2020 17:34:26 GMT-0700 (Pacific Daylight Time),4,Wed Jan 12 2022 17:06:44 GMT-0800 (Pacific Standard Time),false,in quaerat consequatur,In maxime aliquam quibusdam accusantium qui voluptate natus corporis. Rem sed et corrupti tempore laudantium nobis et maxime. Labore aut impedit. Magni non cum voluptatibus nostrum.
Tiara.Nicolas44,Hazle.Hahn18,Fri Aug 21 2020 23:55:39 GMT-0700 (Pacific Daylight Time),4,Wed Mar 31 2021 01:43:09 GMT-0700 (Pacific Daylight Time),false,ut praesentium harum,Pariatur cum tempore eum ratione praesentium. Non quibusdam consequuntur aut aut omnis molestias ut corporis quidem. Corporis eveniet qui ducimus aperiam.
Janessa17,Jerome_OHara,Tue Jul 21 2020 22:39:32 GMT-0700 (Pacific Daylight Time),4,Sat Feb 05 2022 23:14:09 GMT-0800 (Pacific Standard Time),true,odit mollitia et,Incidunt doloribus non assumenda. Sequi est veritatis distinctio ex sit possimus. Doloribus deleniti et enim quis autem harum dolorem laboriosam maxime. Reprehenderit doloremque laborum nihil rerum quia tempora eos. Velit expedita delectus quis consequatur voluptatum ut.
Karlie75,Ilene.Blick73,Thu Apr 23 2020 08:05:17 GMT-0700 (Pacific Daylight Time),4,Sun Dec 19 2021 12:59:55 GMT-0800 (Pacific Standard Time),false,eum animi maiores,Harum non quam vitae labore voluptatem eaque laudantium aliquam molestiae. Sed laboriosam alias non et voluptatibus dolor quos nemo labore. Dolore non eveniet. Dolor molestias aut et sit repellendus voluptatibus voluptas. Quis unde aliquam.
Ilene.Blick73,Faustino_Gottlieb8,Sun Aug 30 2020 23:07:56 GMT-0700 (Pacific Daylight Time),3,Sat Aug 21 2021 11:43:00 GMT-0700 (Pacific Daylight Time),true,optio rerum eveniet,Qui quaerat alias quis libero cumque quos praesentium veniam. Ducimus molestiae et ea velit nemo. Pariatur velit nisi suscipit ullam deserunt quia mollitia enim voluptatem.
Faustino_Gottlieb8,Janessa17,Wed Jun 24 2020 16:27:10 GMT-0700 (Pacific Daylight Time),4,Sat Sep 18 2021 15:09:41 GMT-0700 (Pacific Daylight Time),true,non placeat ut,Temporibus earum quia sint illum quaerat saepe. Laboriosam reiciendis voluptas ut non qui optio nulla. Aliquam excepturi alias iusto molestias. Earum quisquam et dolores quia harum doloremque velit. Ex beatae perferendis accusamus quia nihil enim mollitia sint et.
Faustino_Gottlieb8,Tiara.Nicolas44,Fri May 29 2020 05:51:19 GMT-0700 (Pacific Daylight Time),2,Sat Jun 05 2021 19:40:31 GMT-0700 (Pacific Daylight Time),false,facilis veniam magni,Totam ullam quae quo odit voluptatem aliquid voluptatem quos earum. Non labore repellendus in. Asperiores quas iste. Vero fugiat non ducimus esse odit et temporibus dignissimos. Minus recusandae quos aut recusandae modi et tenetur deserunt cum.
Hazle.Hahn18,Tiara.Nicolas44,Sun Jan 03 2021 14:59:12 GMT-0800 (Pacific Standard Time),0,Mon May 03 2021 07:15:10 GMT-0700 (Pacific Daylight Time),false,voluptatem quia consectetur,Tenetur sint dolores magni eum similique. Enim ut dolores. Autem est ut sint eligendi sit cumque. Est aut ut amet quod in. Eligendi magnam ad voluptatem cum quam non maxime.
Hazle.Hahn18,Carole_Jones,Sun Oct 04 2020 01:03:23 GMT-0700 (Pacific Daylight Time),4,Fri Dec 10 2021 15:15:42 GMT-0800 (Pacific Standard Time),false,aliquam at sit,Necessitatibus fugit debitis aut mollitia expedita. Et omnis at. Alias non quod dolorem et perferendis omnis est. Ut quam laboriosam qui quaerat esse saepe nam et.
Thalia89,Helene.Crist,Thu Mar 26 2020 11:19:45 GMT-0700 (Pacific Daylight Time),0,Sun Mar 14 2021 18:59:24 GMT-0700 (Pacific Daylight Time),false,qui eos et,Voluptas in suscipit dolores necessitatibus molestiae ut velit. Non est quam ducimus et quasi. Ipsam cumque qui itaque et explicabo et unde voluptatem.
Meta_Moen,Meta_Moen,Sat Mar 14 2020 11:48:17 GMT-0700 (Pacific Daylight Time),2,Thu Nov 25 2021 18:12:28 GMT-0800 (Pacific Standard Time),false,et sapiente deleniti,Quidem veritatis explicabo voluptates iure. Explicabo aut dicta vitae vel id. Dignissimos nulla laborum adipisci nam dolores. Beatae ea reiciendis ut et laborum omnis aut eum quia.
Syble76,Ilene.Blick73,Wed May 20 2020 17:38:55 GMT-0700 (Pacific Daylight Time),3,Mon Jan 31 2022 17:43:16 GMT-0800 (Pacific Standard Time),false,accusamus exercitationem doloribus,Deleniti temporibus magnam. Est sint id quia voluptas nostrum ut qui qui. Qui natus maxime. Nobis ea accusantium soluta nihil. Asperiores inventore sapiente illo esse inventore odit repudiandae et.
Ilene.Blick73,Meta_Moen,Fri Oct 23 2020 12:12:58 GMT-0700 (Pacific Daylight Time),2,Thu Sep 02 2021 05:08:07 GMT-0700 (Pacific Daylight Time),true,voluptatem a pariatur,Optio illum quos. At ut veniam eos alias voluptas consequatur. Quidem laboriosam cumque.
Jerome_OHara,Karlie75,Sat Aug 22 2020 04:53:20 GMT-0700 (Pacific Daylight Time),4,Mon Mar 15 2021 01:01:11 GMT-0700 (Pacific Daylight Time),true,voluptas nihil et,Voluptas occaecati quia veritatis animi enim. Harum sapiente magnam accusantium. Et perspiciatis distinctio rerum eveniet.
Tiara.Nicolas44,Hazle.Hahn18,Sun Dec 13 2020 07:30:51 GMT-0800 (Pacific Standard Time),2,Tue Sep 07 2021 03:03:44 GMT-0700 (Pacific Daylight Time),false,officia vitae fuga,Harum qui autem dicta fugiat harum ipsa qui impedit. Et quas labore. Culpa sit eligendi accusantium saepe inventore in vel qui. Dolorem rerum officiis. Dolor ut aliquam temporibus delectus quaerat omnis ea. Nam nobis consequatur quibusdam et cum consequatur nam quos sit.
Faustino_Gottlieb8,Sonny53,Sun Jun 14 2020 07:15:40 GMT-0700 (Pacific Daylight Time),2,Mon Jan 03 2022 03:22:49 GMT-0800 (Pacific Standard Time),false,est et et,Voluptatem atque ut omnis laudantium eaque et unde. In accusamus est aperiam atque et et ducimus animi delectus. Repellendus eveniet et aliquid ratione fugiat.
Janessa17,Tiara.Nicolas44,Thu Dec 10 2020 22:48:39 GMT-0800 (Pacific Standard Time),3,Wed Jul 14 2021 13:19:54 GMT-0700 (Pacific Daylight Time),false,fugit suscipit molestiae,Doloribus in neque ex aut corrupti quasi et ut. Cumque nobis atque aspernatur voluptatem voluptas possimus eum omnis. Aspernatur quas possimus velit repellat quam repellendus exercitationem modi et. Est necessitatibus molestiae omnis sapiente aut ut nulla et. Dolores consequatur rem suscipit consequatur iste ipsam eum dignissimos. Eligendi recusandae et consequatur repellat minus cumque consequatur dolores sit.
Syble76,Emmett.Macejkovic15,Wed Apr 08 2020 15:39:58 GMT-0700 (Pacific Daylight Time),0,Thu Oct 21 2021 21:43:02 GMT-0700 (Pacific Daylight Time),false,doloremque autem delectus,Labore quam et. Dolores inventore sed ratione reiciendis mollitia. Ad modi eius laborum dignissimos est aliquam. Velit dignissimos at voluptates neque.
Helene.Crist,Syble76,Thu Jan 14 2021 23:41:16 GMT-0800 (Pacific Standard Time),3,Wed Jul 28 2021 17:56:32 GMT-0700 (Pacific Daylight Time),true,minus et officia,Qui quos placeat ut ut rerum commodi. Corporis quaerat laudantium rerum quam quo id velit quasi. Itaque nostrum nemo. Repudiandae at sequi corporis. Dolor voluptatum sequi deserunt.
Westley.Zulauf26,Faustino_Gottlieb8,Sun Sep 27 2020 20:55:43 GMT-0700 (Pacific Daylight Time),3,Mon Nov 08 2021 17:28:16 GMT-0800 (Pacific Standard Time),true,alias molestiae vel,Dolore et et nisi temporibus. Sit omnis ut quibusdam dolor sapiente aperiam reprehenderit aut. Praesentium voluptate et voluptas optio porro rerum. Ut possimus repudiandae nihil omnis magnam ut laudantium. Ea alias dolorem. Iste id dolor in ut ducimus.
Karlie75,Ilene.Blick73,Fri Jan 01 2021 11:15:05 GMT-0800 (Pacific Standard Time),2,Fri Apr 02 2021 03:10:03 GMT-0700 (Pacific Daylight Time),true,quos repudiandae labore,Laudantium facere est alias nesciunt qui dolorem nisi magnam ea. Dolores sapiente molestias ex ullam veritatis. Sit distinctio nulla. Et quia nemo et porro voluptatem repellendus quia veritatis. Dolores sint non a.
Jerome_OHara,Ilene.Blick73,Mon Dec 28 2020 07:42:28 GMT-0800 (Pacific Standard Time),3,Sun Oct 31 2021 10:59:50 GMT-0700 (Pacific Daylight Time),false,nostrum praesentium animi,Aut neque praesentium atque voluptatem deleniti sint quia. Aut amet et libero sequi. Animi fuga sint. Nihil facilis dolor similique sapiente. Explicabo dignissimos aperiam sunt atque voluptas illo sint qui.
Faustino_Gottlieb8,Hazle.Hahn18,Thu Oct 08 2020 09:15:31 GMT-0700 (Pacific Daylight Time),0,Wed Feb 02 2022 06:32:02 GMT-0800 (Pacific Standard Time),true,ipsam reiciendis labore,Est aut assumenda quia et ea neque natus atque. Non veritatis sit exercitationem harum quod dicta qui facere placeat. Maiores aliquam omnis ut. Ipsa dolore hic ipsum et odio quibusdam error sit in. Consequatur et eum qui doloribus voluptas quasi sit enim quidem. Quaerat omnis dolorum est incidunt cumque et laboriosam nisi aut.
Karlie75,Emmett.Macejkovic15,Tue Aug 04 2020 20:07:43 GMT-0700 (Pacific Daylight Time),4,Thu Sep 09 2021 13:49:40 GMT-0700 (Pacific Daylight Time),true,quo impedit omnis,Dolor dolorum et. Enim cumque autem quia harum totam minima sit necessitatibus. Tenetur quidem similique voluptatem laborum consequatur. Laudantium mollitia eaque vero sit repudiandae nemo impedit.
Emmett.Macejkovic15,Emmett.Macejkovic15,Mon Nov 16 2020 20:35:43 GMT-0800 (Pacific Standard Time),4,Wed Jul 07 2021 03:58:09 GMT-0700 (Pacific Daylight Time),false,voluptatem tempora distinctio,Repellendus et ad adipisci iure consequatur perferendis sunt error. Animi perferendis quasi corrupti modi. Quia deserunt adipisci quis. Ex est cumque enim quo molestiae ad. Quia qui odit. Dolor rerum modi qui officiis recusandae et saepe quam aut.
Karlie75,Syble76,Thu Feb 27 2020 22:24:39 GMT-0800 (Pacific Standard Time),3,Mon Jan 24 2022 05:53:52 GMT-0800 (Pacific Standard Time),true,ratione ut praesentium,Voluptatem fugiat vel minus nam et. Sapiente perferendis nulla id. Quo modi aperiam at ut quia nihil nihil voluptas.
Thalia89,Ilene.Blick73,Tue May 05 2020 13:59:11 GMT-0700 (Pacific Daylight Time),4,Thu Aug 12 2021 23:38:20 GMT-0700 (Pacific Daylight Time),false,nihil reprehenderit et,Rem necessitatibus ea at rem ut est. Quia dicta aut accusamus optio. Enim necessitatibus consequuntur. Ut sit nemo ut officiis magnam quidem asperiores repudiandae quos. Enim consequuntur est excepturi sed.
Syble76,Tiara.Nicolas44,Sun May 31 2020 17:17:17 GMT-0700 (Pacific Daylight Time),0,Thu Jul 29 2021 20:31:38 GMT-0700 (Pacific Daylight Time),false,saepe expedita nemo,Quae explicabo totam sunt culpa nihil libero hic. Laboriosam sint in asperiores rerum dolorem dolor accusantium similique. Est est libero quis at qui id aut laudantium.
Tiara.Nicolas44,Thalia89,Sun Jan 31 2021 05:12:28 GMT-0800 (Pacific Standard Time),0,Tue Oct 05 2021 02:55:54 GMT-0700 (Pacific Daylight Time),false,nisi dolore laudantium,Non autem aut vel aliquid hic vero id. Aut fugit veniam voluptatum quibusdam reprehenderit optio velit. Suscipit sint provident ratione et id sed eveniet velit. Voluptate placeat animi asperiores ut id temporibus laborum sed veritatis. Velit aperiam iusto deleniti minima. Accusamus ad nulla ab.
Tiara.Nicolas44,Ilene.Blick73,Wed Nov 04 2020 18:04:28 GMT-0800 (Pacific Standard Time),3,Fri Nov 19 2021 18:11:59 GMT-0800 (Pacific Standard Time),false,enim non placeat,Enim aperiam sit corporis laborum ut eius. Voluptatem sed quis. Quo quam et sint id sint molestias rerum optio est.
Jerome_OHara,Syble76,Tue Dec 22 2020 04:12:22 GMT-0800 (Pacific Standard Time),0,Sat Mar 06 2021 15:16:58 GMT-0800 (Pacific Standard Time),true,dicta dolorem soluta,At fuga temporibus enim numquam. Nihil enim dolore. Earum voluptas at ea quia ut dolorem possimus quia. Et aut quo id. Porro rerum molestias labore recusandae et odio. Iure tempora aperiam ipsum quis.
Karlie75,Thalia89,Mon Jun 08 2020 17:38:18 GMT-0700 (Pacific Daylight Time),0,Fri May 28 2021 04:38:19 GMT-0700 (Pacific Daylight Time),false,non voluptas vitae,Qui exercitationem vero nostrum sed libero nulla mollitia enim consequatur. Consequatur inventore atque. Consectetur consequatur perferendis fugiat veritatis temporibus enim voluptatibus quam.
Jerome_OHara,Janessa17,Mon Nov 23 2020 22:16:48 GMT-0800 (Pacific Standard Time),3,Mon Sep 20 2021 13:20:52 GMT-0700 (Pacific Daylight Time),false,repudiandae fugiat dolore,Possimus recusandae totam nostrum blanditiis esse et. Repudiandae et omnis omnis doloremque et dolorum sunt. Ut atque excepturi nesciunt quas doloribus qui iure nulla atque. In natus nam repellendus numquam ut similique qui cupiditate inventore. Veniam enim sed laudantium voluptatem aut sit.
Janessa17,Faustino_Gottlieb8,Sun Jan 10 2021 20:07:45 GMT-0800 (Pacific Standard Time),1,Tue Sep 07 2021 09:39:42 GMT-0700 (Pacific Daylight Time),false,iusto asperiores est,Velit blanditiis quisquam ut nam cupiditate nostrum id. Doloremque doloremque illo vero laborum. Omnis dolor velit voluptas voluptates impedit vel. Beatae eum necessitatibus eum illum et laudantium non voluptatem est.
Jerome_OHara,Janessa17,Wed Oct 14 2020 00:08:58 GMT-0700 (Pacific Daylight Time),2,Tue Nov 09 2021 05:07:11 GMT-0800 (Pacific Standard Time),false,quis et eveniet,Provident est rem autem nulla praesentium non omnis perspiciatis quia. Officia iusto unde ut. Ab rerum aut. Quia ut vel.
Meta_Moen,Sonny53,Thu Jun 04 2020 15:16:21 GMT-0700 (Pacific Daylight Time),4,Sun Aug 29 2021 13:46:47 GMT-0700 (Pacific Daylight Time),false,iste beatae culpa,Aut dolor at. Asperiores autem cupiditate voluptas. Consequatur enim eaque animi consequuntur numquam recusandae. Voluptas inventore quis laborum itaque. Quaerat qui laborum placeat et voluptas perspiciatis ab necessitatibus.
Carole_Jones,Faustino_Gottlieb8,Thu Nov 26 2020 10:44:44 GMT-0800 (Pacific Standard Time),1,Wed Apr 28 2021 11:18:32 GMT-0700 (Pacific Daylight Time),true,sapiente voluptas omnis,Expedita suscipit eaque neque. Reiciendis itaque expedita saepe doloremque accusantium. Et corporis molestias et.
Thalia89,Hazle.Hahn18,Thu Mar 05 2020 15:06:05 GMT-0800 (Pacific Standard Time),4,Wed Apr 07 2021 10:18:18 GMT-0700 (Pacific Daylight Time),false,ducimus magnam est,Amet voluptatem voluptatem rerum. Occaecati sunt quae ut maiores amet neque est fugit. Omnis et deserunt sapiente est aliquam est veniam et sapiente. Voluptatem maxime consequuntur laborum possimus tenetur voluptas quidem placeat amet.
Emmett.Macejkovic15,Tiara.Nicolas44,Mon Jul 20 2020 19:45:26 GMT-0700 (Pacific Daylight Time),4,Tue Sep 28 2021 09:52:20 GMT-0700 (Pacific Daylight Time),false,totam hic assumenda,Dolor deleniti aut rem accusantium cumque enim. Ut temporibus nam ipsum aut ex. Assumenda sed adipisci nihil ea optio corporis. Doloribus officia voluptate qui omnis culpa voluptatum. Odit voluptatem vel debitis.
Syble76,Helene.Crist,Sun Nov 15 2020 18:27:16 GMT-0800 (Pacific Standard Time),0,Fri Sep 24 2021 00:33:12 GMT-0700 (Pacific Daylight Time),false,ut reprehenderit ut,Et voluptates ut rem. Consequatur dolorem reiciendis ut dolor delectus ad. Consequatur quia quia sed culpa tempore impedit labore quia.
Karlie75,Helene.Crist,Tue Oct 06 2020 19:15:42 GMT-0700 (Pacific Daylight Time),3,Wed Nov 24 2021 20:42:11 GMT-0800 (Pacific Standard Time),false,illum consequatur rerum,Laboriosam et illum qui rerum quos. In quidem id accusantium quod accusantium omnis quae. Fugiat eveniet maxime similique placeat sunt et et. Harum delectus aliquid qui eius velit eum. Sed distinctio laborum autem modi. Voluptatem amet totam non velit aliquam nihil.
Westley.Zulauf26,Syble76,Tue Jul 28 2020 06:36:53 GMT-0700 (Pacific Daylight Time),3,Thu Oct 07 2021 06:37:47 GMT-0700 (Pacific Daylight Time),true,reprehenderit nisi ut,Omnis reprehenderit velit voluptas enim. Numquam dolor mollitia autem nesciunt sunt. Voluptas doloremque at ut et sunt. Ab quam quia ab.
